{"classes":{"English":{"TUESDAY-AM1030-PM1200":{"student18":{"name":"JAIME, ALVARADO","id":"14"},"student19":{"name":"ROBERT, AMSTADT","id":"48"},"student2":{"name":"MIGUEL, BAHENA","id":"78"},"student16":{"name":"NANCY, ARROYO-FREGOSO","id":"66"},"student1":{"name":"CARRIE, AUSTIN","id":"49"},"student17":{"name":"CLARISSA, ACEVEDO","id":"38"},"student4":{"name":"RAGINA, BAGGETTE","id":"57"},"student3":{"name":"JOHN, BAJIC","id":"18"},"student6":{"name":"BRUCE, ASKEW","id":"40"},"student5":{"name":"DAVID, ALPERS","id":"65"},"student8":{"name":"MARK, ANDERSEN","id":"10"},"student7":{"name":"EDWARD, ANNUNZIO","id":"19"},"student9":{"name":"ISABEL, ARENAS","id":"25"},"student14":{"name":"ALEJANDRO, ALMAZAN","id":"45"},"student15":{"name":"CHRISTOPHER, AKINES","id":"11"},"student12":{"name":"RAY, AGUILAR","id":"21"},"student13":{"name":"MOHAMMED, ABUBAKER","id":"23"},"student10":{"name":"ABEL, AZUL","id":"22"},"student11":{"name":"ALESIA, ARELLANO","id":"52"},"student20":{"name":"BLANCA, BAHENA","id":"58"}},"WEDNESDAY-AM1000-AM1130":{"student2":{"name":"EVA, AVINA","id":"64"},"student1":{"name":"CAMUHOO, AITKEN","id":"62"}}},"Chemistry":{"TUESDAY-PM0200-":{},"MONDAY-AM1030-PM1200":{"student18":{"name":"HIRAM, ARAGONES","id":"50"},"student19":{"name":"GRACE, AKINLEMIBOLA","id":"15"},"student2":{"name":"JAMES, ALLEN","id":"56"},"student16":{"name":"ROSS, ALEXANDER","id":"8"},"student1":{"name":"EARL, ALEXANDER","id":"72"},"student17":{"name":"HASSAN, ABOUELKHEIR","id":"54"},"student4":{"name":"TIMOTHY, BAILEY","id":"24"},"student3":{"name":"PATRICK, ASHE","id":"32"},"student6":{"name":"CANDELARIO, AQUINO","id":"1"},"student5":{"name":"DAVID, ANDREWS","id":"61"},"student8":{"name":"BLAIR, ALTENBACH","id":"16"},"student7":{"name":"DANIEL, ANDUJAR","id":"4"},"student9":{"name":"MARIO, ALONSO","id":"42"},"student14":{"name":"CONSTANTINE, ARGIRIS","id":"37"},"student15":{"name":"CAROLYN, ALLAIN","id":"41"},"student12":{"name":"J, ALDANA","id":"6"},"student13":{"name":"TERRY, ALLEN","id":"5"},"student10":{"name":"SANDRA, ALLEN","id":"47"},"student11":{"name":"MICHAEL, AUSTIN","id":"74"},"student20":{"name":"MICHELLE, ASHFORD","id":"69"}}},"French":{"TUESDAY-AM0800-AM1000":{"student2":{"name":"EDWARD, ANNUNZIO","id":"19"},"student1":{"name":"DAVID, ALPERS","id":"65"}},"MONDAY-AM0830-AM1030":{"student18":{"name":"JAIME, ALVARADO","id":"14"},"student19":{"name":"ROBERT, AMSTADT","id":"48"},"student2":{"name":"MIGUEL, BAHENA","id":"78"},"student16":{"name":"NANCY, ARROYO-FREGOSO","id":"66"},"student1":{"name":"CARRIE, AUSTIN","id":"49"},"student17":{"name":"CLARISSA, ACEVEDO","id":"38"},"student4":{"name":"RAGINA, BAGGETTE","id":"57"},"student3":{"name":"JOHN, BAJIC","id":"18"},"student6":{"name":"BRUCE, ASKEW","id":"40"},"student5":{"name":"CAMUHOO, AITKEN","id":"62"},"student8":{"name":"MARK, ANDERSEN","id":"10"},"student7":{"name":"EVA, AVINA","id":"64"},"student9":{"name":"ISABEL, ARENAS","id":"25"},"student14":{"name":"ALEJANDRO, ALMAZAN","id":"45"},"student15":{"name":"CHRISTOPHER, AKINES","id":"11"},"student12":{"name":"RAY, AGUILAR","id":"21"},"student13":{"name":"MOHAMMED, ABUBAKER","id":"23"},"student10":{"name":"ABEL, AZUL","id":"22"},"student11":{"name":"ALESIA, ARELLANO","id":"52"},"student20":{"name":"BLANCA, BAHENA","id":"58"}}},"Sociology":{"WEDNESDAY-PM0100-PM0300":{"student2":{"name":"BILAL, ALI","id":"80"},"student1":{"name":"JEFFREY, ADAMOW","id":"44"},"student4":{"name":"DANIEL, ANDUJAR","id":"4"},"student3":{"name":"TIMOTHY, BAILEY","id":"24"},"student6":{"name":"MARIO, ALONSO","id":"42"},"student5":{"name":"BLAIR, ALTENBACH","id":"16"},"student8":{"name":"CAROLYN, ALLAIN","id":"41"},"student7":{"name":"SANDRA, ALLEN","id":"47"},"student9":{"name":"HASSAN, ABOUELKHEIR","id":"54"},"student12":{"name":"MICHELLE, ASHFORD","id":"69"},"student13":{"name":"LUTHER, ANDERSON","id":"63"},"student10":{"name":"HIRAM, ARAGONES","id":"50"},"student11":{"name":"GRACE, AKINLEMIBOLA","id":"15"}},"FRIDAY-PM0100-PM0300":{"student18":{"name":"LESTER, ANDERSON","id":"59"},"student19":{"name":"JOSE, ALVAREZ","id":"55"},"student2":{"name":"SAMUEL, ALEGADO","id":"17"},"student16":{"name":"ELIZABETH, ALCANTARA","id":"73"},"student1":{"name":"JUANITA, AGUILAR","id":"53"},"student17":{"name":"THERON, AVERETT","id":"2"},"student4":{"name":"RONALD, BADAMI","id":"60"},"student3":{"name":"MICHAEL, BAILEY","id":"70"},"student6":{"name":"PATRICK, ASHE","id":"32"},"student5":{"name":"JAMES, ALLEN","id":"56"},"student8":{"name":"CANDELARIO, AQUINO","id":"1"},"student7":{"name":"DAVID, ANDREWS","id":"61"},"student9":{"name":"MICHAEL, AUSTIN","id":"74"},"student14":{"name":"LESTER, BAILEY","id":"13"},"student15":{"name":"BAHLEBBY, AMDEMICHAEL","id":"79"},"student12":{"name":"CONSTANTINE, ARGIRIS","id":"37"},"student13":{"name":"ROSS, ALEXANDER","id":"8"},"student10":{"name":"J, ALDANA","id":"6"},"student11":{"name":"TERRY, ALLEN","id":"5"},"student20":{"name":"WILLIAM, ABBRUZZESE","id":"12"}}},"Music":{"THURSDAY-AM0830-AM1100":{"student18":{"name":"CAROLYN, ALLAIN","id":"41"},"student19":{"name":"HASSAN, ABOUELKHEIR","id":"54"},"student2":{"name":"SAMUEL, ALEGADO","id":"17"},"student16":{"name":"TERRY, ALLEN","id":"5"},"student1":{"name":"LAZARO, ALTAMIRANO","id":"30"},"student17":{"name":"CONSTANTINE, ARGIRIS","id":"37"},"student4":{"name":"RONALD, BADAMI","id":"60"},"student3":{"name":"MICHAEL, BAILEY","id":"70"},"student6":{"name":"EARL, ALEXANDER","id":"72"},"student5":{"name":"JEFFREY, ADAMOW","id":"44"},"student8":{"name":"PATRICK, ASHE","id":"32"},"student7":{"name":"JAMES, ALLEN","id":"56"},"student9":{"name":"TIMOTHY, BAILEY","id":"24"},"student14":{"name":"MICHAEL, AUSTIN","id":"74"},"student15":{"name":"J, ALDANA","id":"6"},"student12":{"name":"MARIO, ALONSO","id":"42"},"student13":{"name":"SANDRA, ALLEN","id":"47"},"student10":{"name":"DAVID, ANDREWS","id":"61"},"student11":{"name":"BLAIR, ALTENBACH","id":"16"},"student20":{"name":"HIRAM, ARAGONES","id":"50"}},"FRIDAY-AM0800-AM1030":{"student2":{"name":"BILAL, ALI","id":"80"},"student1":{"name":"JUANITA, AGUILAR","id":"53"},"student4":{"name":"DANIEL, ANDUJAR","id":"4"},"student3":{"name":"CANDELARIO, AQUINO","id":"1"},"student5":{"name":"ROSS, ALEXANDER","id":"8"}}},"Programming":{"WEDNESDAY-PM0300-PM0500":{"student18":{"name":"MICHAEL, BAILEY","id":"70"},"student19":{"name":"RONALD, BADAMI","id":"60"},"student2":{"name":"JOHN, BAJIC","id":"18"},"student16":{"name":"JUANITA, AGUILAR","id":"53"},"student1":{"name":"CARRIE, AUSTIN","id":"49"},"student17":{"name":"SAMUEL, ALEGADO","id":"17"},"student4":{"name":"LAZARO, ALTAMIRANO","id":"30"},"student3":{"name":"RAGINA, BAGGETTE","id":"57"},"student6":{"name":"EVA, AVINA","id":"64"},"student5":{"name":"BRUCE, ASKEW","id":"40"},"student8":{"name":"ISABEL, ARENAS","id":"25"},"student7":{"name":"EDWARD, ANNUNZIO","id":"19"},"student9":{"name":"ALESIA, ARELLANO","id":"52"},"student14":{"name":"JAIME, ALVARADO","id":"14"},"student15":{"name":"BLANCA, BAHENA","id":"58"},"student12":{"name":"CHRISTOPHER, AKINES","id":"11"},"student13":{"name":"NANCY, ARROYO-FREGOSO","id":"66"},"student10":{"name":"RAY, AGUILAR","id":"21"},"student11":{"name":"ALEJANDRO, ALMAZAN","id":"45"},"student20":{"name":"EARL, ALEXANDER","id":"72"}},"FRIDAY-PM0100-PM0300":{"student2":{"name":"CAMUHOO, AITKEN","id":"62"},"student1":{"name":"MIGUEL, BAHENA","id":"78"},"student4":{"name":"MARK, ANDERSEN","id":"10"},"student3":{"name":"DAVID, ALPERS","id":"65"},"student6":{"name":"MOHAMMED, ABUBAKER","id":"23"},"student5":{"name":"ABEL, AZUL","id":"22"},"student8":{"name":"ROBERT, AMSTADT","id":"48"},"student10":{"name":"BILAL, ALI","id":"80"},"student7":{"name":"CLARISSA, ACEVEDO","id":"38"},"student9":{"name":"JEFFREY, ADAMOW","id":"44"}}},"Mathematics":{"TUESDAY-AM0800-AM1000":{},"MONDAY-AM0830-AM1030":{}},"Biology":{"FRIDAY-AM0800-AM1000":{"student2":{"name":"MIGUEL, BAHENA","id":"78"},"student1":{"name":"CARRIE, AUSTIN","id":"49"},"student4":{"name":"CAMUHOO, AITKEN","id":"62"},"student3":{"name":"LAZARO, ALTAMIRANO","id":"30"},"student6":{"name":"ABEL, AZUL","id":"22"},"student5":{"name":"EVA, AVINA","id":"64"},"student8":{"name":"NANCY, ARROYO-FREGOSO","id":"66"},"student10":{"name":"JUANITA, AGUILAR","id":"53"},"student7":{"name":"ALESIA, ARELLANO","id":"52"},"student9":{"name":"JAIME, ALVARADO","id":"14"}},"WEDNESDAY-AM0830-AM1030":{"student18":{"name":"JEFFREY, ADAMOW","id":"44"},"student19":{"name":"BILAL, ALI","id":"80"},"student2":{"name":"RAGINA, BAGGETTE","id":"57"},"student16":{"name":"MICHAEL, BAILEY","id":"70"},"student1":{"name":"JOHN, BAJIC","id":"18"},"student17":{"name":"RONALD, BADAMI","id":"60"},"student4":{"name":"BRUCE, ASKEW","id":"40"},"student3":{"name":"DAVID, ALPERS","id":"65"},"student6":{"name":"MARK, ANDERSEN","id":"10"},"student5":{"name":"EDWARD, ANNUNZIO","id":"19"},"student8":{"name":"RAY, AGUILAR","id":"21"},"student7":{"name":"ISABEL, ARENAS","id":"25"},"student9":{"name":"MOHAMMED, ABUBAKER","id":"23"},"student14":{"name":"BLANCA, BAHENA","id":"58"},"student15":{"name":"SAMUEL, ALEGADO","id":"17"},"student12":{"name":"CLARISSA, ACEVEDO","id":"38"},"student13":{"name":"ROBERT, AMSTADT","id":"48"},"student10":{"name":"ALEJANDRO, ALMAZAN","id":"45"},"student11":{"name":"CHRISTOPHER, AKINES","id":"11"},"student20":{"name":"JAMES, ALLEN","id":"56"}}},"History":{"THURSDAY-AM0830-AM1100":{"student18":{"name":"CAROLYN, ALLAIN","id":"41"},"student19":{"name":"HASSAN, ABOUELKHEIR","id":"54"},"student2":{"name":"SAMUEL, ALEGADO","id":"17"},"student16":{"name":"TERRY, ALLEN","id":"5"},"student1":{"name":"LAZARO, ALTAMIRANO","id":"30"},"student17":{"name":"CONSTANTINE, ARGIRIS","id":"37"},"student4":{"name":"RONALD, BADAMI","id":"60"},"student3":{"name":"MICHAEL, BAILEY","id":"70"},"student6":{"name":"EARL, ALEXANDER","id":"72"},"student5":{"name":"JEFFREY, ADAMOW","id":"44"},"student8":{"name":"PATRICK, ASHE","id":"32"},"student7":{"name":"JAMES, ALLEN","id":"56"},"student9":{"name":"TIMOTHY, BAILEY","id":"24"},"student14":{"name":"MICHAEL, AUSTIN","id":"74"},"student15":{"name":"J, ALDANA","id":"6"},"student12":{"name":"MARIO, ALONSO","id":"42"},"student13":{"name":"SANDRA, ALLEN","id":"47"},"student10":{"name":"DAVID, ANDREWS","id":"61"},"student11":{"name":"BLAIR, ALTENBACH","id":"16"},"student20":{"name":"HIRAM, ARAGONES","id":"50"}},"FRIDAY-AM0800-AM1030":{"student2":{"name":"BILAL, ALI","id":"80"},"student1":{"name":"JUANITA, AGUILAR","id":"53"},"student4":{"name":"DANIEL, ANDUJAR","id":"4"},"student3":{"name":"CANDELARIO, AQUINO","id":"1"},"student5":{"name":"ROSS, ALEXANDER","id":"8"}}},"Physics":{"WEDNESDAY-AM0800-AM1000":{"student2":{"name":"CAMUHOO, AITKEN","id":"62"},"student1":{"name":"LAZARO, ALTAMIRANO","id":"30"},"student3":{"name":"EVA, AVINA","id":"64"}},"TUESDAY-AM0830-AM1030":{"student18":{"name":"JAIME, ALVARADO","id":"14"},"student19":{"name":"ROBERT, AMSTADT","id":"48"},"student2":{"name":"MIGUEL, BAHENA","id":"78"},"student16":{"name":"NANCY, ARROYO-FREGOSO","id":"66"},"student1":{"name":"CARRIE, AUSTIN","id":"49"},"student17":{"name":"CLARISSA, ACEVEDO","id":"38"},"student4":{"name":"RAGINA, BAGGETTE","id":"57"},"student3":{"name":"JOHN, BAJIC","id":"18"},"student6":{"name":"BRUCE, ASKEW","id":"40"},"student5":{"name":"DAVID, ALPERS","id":"65"},"student8":{"name":"MARK, ANDERSEN","id":"10"},"student7":{"name":"EDWARD, ANNUNZIO","id":"19"},"student9":{"name":"ISABEL, ARENAS","id":"25"},"student14":{"name":"ALEJANDRO, ALMAZAN","id":"45"},"student15":{"name":"CHRISTOPHER, AKINES","id":"11"},"student12":{"name":"RAY, AGUILAR","id":"21"},"student13":{"name":"MOHAMMED, ABUBAKER","id":"23"},"student10":{"name":"ABEL, AZUL","id":"22"},"student11":{"name":"ALESIA, ARELLANO","id":"52"},"student20":{"name":"BLANCA, BAHENA","id":"58"}}}},"students":{"student2":{"classesTaken":"Chemistry-MONDAY-AM1030-PM1200History-FRIDAY-AM0800-AM1030,Music-FRIDAY-AM0800-AM1030,Sociology-FRIDAY-PM0100-PM0300","name":"ROSS, ALEXANDER","id":8},"student38":{"classesTaken":"History-THURSDAY-AM0830-AM1100,Music-THURSDAY-AM0830-AM1100,Chemistry-MONDAY-AM1030-PM1200Sociology-FRIDAY-PM0100-PM0300","name":"J, ALDANA","id":6},"student1":{"classesTaken":"Programming-WEDNESDAY-PM0300-PM0500,History-THURSDAY-AM0830-AM1100,Music-THURSDAY-AM0830-AM1100Physics-WEDNESDAY-AM0800-AM1000,Biology-FRIDAY-AM0800-AM1000","name":"LAZARO, ALTAMIRANO","id":30},"student39":{"classesTaken":"History-THURSDAY-AM0830-AM1100,Music-THURSDAY-AM0830-AM1100,Sociology-WEDNESDAY-PM0100-PM0300,Chemistry-MONDAY-AM1030-PM1200","name":"CAROLYN, ALLAIN","id":41},"student4":{"classesTaken":"Programming-WEDNESDAY-PM0300-PM0500,History-THURSDAY-AM0830-AM1100,Music-THURSDAY-AM0830-AM1100,Chemistry-MONDAY-AM1030-PM1200","name":"EARL, ALEXANDER","id":72},"student3":{"classesTaken":"","name":"NIKOS, APOSTOLOPOALOS","id":68},"student6":{"classesTaken":"","name":"ALEX, ANDERSON","id":3},"student5":{"classesTaken":"Sociology-FRIDAY-PM0100-PM0300","name":"BAHLEBBY, AMDEMICHAEL","id":79},"student8":{"classesTaken":"","name":"MARIE, ALLEN","id":51},"student7":{"classesTaken":"","name":"DEBRA, ANTHONY SANDERS","id":71},"student9":{"classesTaken":"Programming-WEDNESDAY-PM0300-PM0500Biology-FRIDAY-AM0800-AM1000,History-FRIDAY-AM0800-AM1030,Music-FRIDAY-AM0800-AM1030,Sociology-FRIDAY-PM0100-PM0300","name":"JUANITA, AGUILAR","id":53},"student40":{"classesTaken":"History-THURSDAY-AM0830-AM1100,Music-THURSDAY-AM0830-AM1100,Sociology-WEDNESDAY-PM0100-PM0300,Chemistry-MONDAY-AM1030-PM1200","name":"TIMOTHY, BAILEY","id":24},"student80":{"classesTaken":"French-MONDAY-AM0830-AM1030,Physics-TUESDAY-AM0830-AM1030,Programming-WEDNESDAY-PM0300-PM0500,English-TUESDAY-AM1030-PM1200,Biology-WEDNESDAY-AM0830-AM1030","name":"BLANCA, BAHENA","id":58},"student47":{"classesTaken":"History-THURSDAY-AM0830-AM1100,Music-THURSDAY-AM0830-AM1100,Sociology-WEDNESDAY-PM0100-PM0300,Chemistry-MONDAY-AM1030-PM1200","name":"HASSAN, ABOUELKHEIR","id":54},"student48":{"classesTaken":"French-MONDAY-AM0830-AM1030,Physics-TUESDAY-AM0830-AM1030,English-TUESDAY-AM1030-PM1200,Biology-WEDNESDAY-AM0830-AM1030Programming-FRIDAY-PM0100-PM0300","name":"MOHAMMED, ABUBAKER","id":23},"student45":{"classesTaken":"Sociology-FRIDAY-PM0100-PM0300","name":"WILLIAM, ABBRUZZESE","id":12},"student46":{"classesTaken":"History-THURSDAY-AM0830-AM1100,Music-THURSDAY-AM0830-AM1100,Chemistry-MONDAY-AM1030-PM1200Sociology-FRIDAY-PM0100-PM0300","name":"PATRICK, ASHE","id":32},"student43":{"classesTaken":"History-THURSDAY-AM0830-AM1100,Music-THURSDAY-AM0830-AM1100,Chemistry-MONDAY-AM1030-PM1200Sociology-FRIDAY-PM0100-PM0300","name":"TERRY, ALLEN","id":5},"student44":{"classesTaken":"Programming-WEDNESDAY-PM0300-PM0500,Biology-WEDNESDAY-AM0830-AM1030,History-THURSDAY-AM0830-AM1100,Music-THURSDAY-AM0830-AM1100Sociology-FRIDAY-PM0100-PM0300","name":"SAMUEL, ALEGADO","id":17},"student41":{"classesTaken":"History-THURSDAY-AM0830-AM1100,Music-THURSDAY-AM0830-AM1100,Sociology-WEDNESDAY-PM0100-PM0300,Chemistry-MONDAY-AM1030-PM1200","name":"HIRAM, ARAGONES","id":50},"student42":{"classesTaken":"","name":"TIMOTHY, ALLEN","id":7},"student29":{"classesTaken":"French-MONDAY-AM0830-AM1030,Physics-TUESDAY-AM0830-AM1030,Programming-WEDNESDAY-PM0300-PM0500,English-TUESDAY-AM1030-PM1200,Biology-WEDNESDAY-AM0830-AM1030","name":"ALEJANDRO, ALMAZAN","id":45},"student27":{"classesTaken":"Biology-WEDNESDAY-AM0830-AM1030,History-THURSDAY-AM0830-AM1100,Music-THURSDAY-AM0830-AM1100,Chemistry-MONDAY-AM1030-PM1200Sociology-FRIDAY-PM0100-PM0300","name":"JAMES, ALLEN","id":56},"student28":{"classesTaken":"History-THURSDAY-AM0830-AM1100,Music-THURSDAY-AM0830-AM1100,Sociology-WEDNESDAY-PM0100-PM0300,Chemistry-MONDAY-AM1030-PM1200","name":"SANDRA, ALLEN","id":47},"student72":{"classesTaken":"French-MONDAY-AM0830-AM1030,Physics-TUESDAY-AM0830-AM1030,English-TUESDAY-AM1030-PM1200,Biology-WEDNESDAY-AM0830-AM1030Programming-FRIDAY-PM0100-PM0300","name":"CLARISSA, ACEVEDO","id":38},"student73":{"classesTaken":"French-MONDAY-AM0830-AM1030,Physics-TUESDAY-AM0830-AM1030,Programming-WEDNESDAY-PM0300-PM0500,English-TUESDAY-AM1030-PM1200,Biology-WEDNESDAY-AM0830-AM1030","name":"CHRISTOPHER, AKINES","id":11},"student70":{"classesTaken":"French-MONDAY-AM0830-AM1030,Physics-TUESDAY-AM0830-AM1030,Programming-WEDNESDAY-PM0300-PM0500,English-TUESDAY-AM1030-PM1200Biology-FRIDAY-AM0800-AM1000","name":"ALESIA, ARELLANO","id":52},"student71":{"classesTaken":"French-MONDAY-AM0830-AM1030,Physics-TUESDAY-AM0830-AM1030,Programming-WEDNESDAY-PM0300-PM0500,English-TUESDAY-AM1030-PM1200,Biology-WEDNESDAY-AM0830-AM1030","name":"JOHN, BAJIC","id":18},"student36":{"classesTaken":"Sociology-FRIDAY-PM0100-PM0300","name":"LESTER, BAILEY","id":13},"student37":{"classesTaken":"","name":"ROCCO, BALESTRI","id":76},"student34":{"classesTaken":"","name":"CARA, BADER","id":43},"student78":{"classesTaken":"French-MONDAY-AM0830-AM1030,Physics-TUESDAY-AM0830-AM1030,Programming-WEDNESDAY-PM0300-PM0500,English-TUESDAY-AM1030-PM1200,Biology-WEDNESDAY-AM0830-AM1030","name":"ISABEL, ARENAS","id":25},"student35":{"classesTaken":"Sociology-WEDNESDAY-PM0100-PM0300,Chemistry-MONDAY-AM1030-PM1200","name":"GRACE, AKINLEMIBOLA","id":15},"student79":{"classesTaken":"French-MONDAY-AM0830-AM1030,Physics-TUESDAY-AM0830-AM1030,English-TUESDAY-AM1030-PM1200,Biology-WEDNESDAY-AM0830-AM1030Programming-FRIDAY-PM0100-PM0300","name":"ROBERT, AMSTADT","id":48},"student32":{"classesTaken":"History-THURSDAY-AM0830-AM1100,Music-THURSDAY-AM0830-AM1100,Chemistry-MONDAY-AM1030-PM1200Sociology-FRIDAY-PM0100-PM0300","name":"CONSTANTINE, ARGIRIS","id":37},"student76":{"classesTaken":"Programming-WEDNESDAY-PM0300-PM0500,Biology-WEDNESDAY-AM0830-AM1030,History-THURSDAY-AM0830-AM1100,Music-THURSDAY-AM0830-AM1100Sociology-FRIDAY-PM0100-PM0300","name":"MICHAEL, BAILEY","id":70},"student33":{"classesTaken":"Sociology-FRIDAY-PM0100-PM0300","name":"ELIZABETH, ALCANTARA","id":73},"student77":{"classesTaken":"French-MONDAY-AM0830-AM1030,Physics-TUESDAY-AM0830-AM1030,Programming-WEDNESDAY-PM0300-PM0500,English-TUESDAY-AM1030-PM1200,Biology-WEDNESDAY-AM0830-AM1030","name":"BRUCE, ASKEW","id":40},"student30":{"classesTaken":"Sociology-FRIDAY-PM0100-PM0300","name":"LESTER, ANDERSON","id":59},"student74":{"classesTaken":"","name":"SCOTT, AHERN","id":29},"student31":{"classesTaken":"Sociology-FRIDAY-PM0100-PM0300","name":"JOSE, ALVAREZ","id":55},"student75":{"classesTaken":"","name":"JASON, ARELLANO","id":34},"student18":{"classesTaken":"","name":"VINCENT, BALDASSANO","id":20},"student19":{"classesTaken":"Sociology-FRIDAY-PM0100-PM0300","name":"THERON, AVERETT","id":2},"student16":{"classesTaken":"Chemistry-MONDAY-AM1030-PM1200History-FRIDAY-AM0800-AM1030,Music-FRIDAY-AM0800-AM1030,Sociology-FRIDAY-PM0100-PM0300","name":"CANDELARIO, AQUINO","id":1},"student17":{"classesTaken":"History-THURSDAY-AM0830-AM1100,Music-THURSDAY-AM0830-AM1100,Chemistry-MONDAY-AM1030-PM1200Sociology-FRIDAY-PM0100-PM0300","name":"DAVID, ANDREWS","id":61},"student61":{"classesTaken":"French-MONDAY-AM0830-AM1030,Physics-TUESDAY-AM0830-AM1030,Programming-WEDNESDAY-PM0300-PM0500,English-TUESDAY-AM1030-PM1200,Biology-WEDNESDAY-AM0830-AM1030","name":"RAGINA, BAGGETTE","id":57},"student62":{"classesTaken":"History-THURSDAY-AM0830-AM1100,Music-THURSDAY-AM0830-AM1100,Sociology-WEDNESDAY-PM0100-PM0300,Chemistry-MONDAY-AM1030-PM1200","name":"BLAIR, ALTENBACH","id":16},"student60":{"classesTaken":"French-MONDAY-AM0830-AM1030,Programming-WEDNESDAY-PM0300-PM0500Physics-WEDNESDAY-AM0800-AM1000,English-WEDNESDAY-AM1000-PM1130,Biology-FRIDAY-AM0800-AM1000","name":"EVA, AVINA","id":64},"student25":{"classesTaken":"Sociology-WEDNESDAY-PM0100-PM0300","name":"LUTHER, ANDERSON","id":63},"student69":{"classesTaken":"","name":"TIMOTHY, ALLEN","id":28},"student26":{"classesTaken":"","name":"MARY, ACCURSO","id":39},"student23":{"classesTaken":"Sociology-WEDNESDAY-PM0100-PM0300,Chemistry-MONDAY-AM1030-PM1200History-FRIDAY-AM0800-AM1030,Music-FRIDAY-AM0800-AM1030","name":"DANIEL, ANDUJAR","id":4},"student67":{"classesTaken":"","name":"CHRIS, ANDERSEN","id":75},"student24":{"classesTaken":"French-MONDAY-AM0830-AM1030Physics-WEDNESDAY-AM0800-AM1000,Programming-FRIDAY-PM0100-PM0300,English-WEDNESDAY-AM1000-PM1130,Biology-FRIDAY-AM0800-AM1000","name":"CAMUHOO, AITKEN","id":62},"student68":{"classesTaken":"Biology-WEDNESDAY-AM0830-AM1030,History-THURSDAY-AM0830-AM1100,Music-THURSDAY-AM0830-AM1100,Sociology-WEDNESDAY-PM0100-PM0300Programming-FRIDAY-PM0100-PM0300","name":"JEFFREY, ADAMOW","id":44},"student21":{"classesTaken":"","name":"FABIAN, ALBARRAN","id":77},"student65":{"classesTaken":"History-THURSDAY-AM0830-AM1100,Music-THURSDAY-AM0830-AM1100,Sociology-WEDNESDAY-PM0100-PM0300,Chemistry-MONDAY-AM1030-PM1200","name":"MARIO, ALONSO","id":42},"student22":{"classesTaken":"","name":"CHRISTOPHER, AKINES","id":26},"student66":{"classesTaken":"French-MONDAY-AM0830-AM1030,Physics-TUESDAY-AM0830-AM1030,English-TUESDAY-AM1030-PM1200Programming-FRIDAY-PM0100-PM0300,Biology-FRIDAY-AM0800-AM1000","name":"MIGUEL, BAHENA","id":78},"student63":{"classesTaken":"Sociology-WEDNESDAY-PM0100-PM0300,Chemistry-MONDAY-AM1030-PM1200","name":"MICHELLE, ASHFORD","id":69},"student20":{"classesTaken":"","name":"MARSHALL, ANDREWS JR","id":9},"student64":{"classesTaken":"","name":"CHRISTOPHER, ALONZO","id":31},"student49":{"classesTaken":"History-THURSDAY-AM0830-AM1100,Music-THURSDAY-AM0830-AM1100,Chemistry-MONDAY-AM1030-PM1200Sociology-FRIDAY-PM0100-PM0300","name":"MICHAEL, AUSTIN","id":74},"student50":{"classesTaken":"","name":"GRACE ANN, ARMOUR","id":35},"student51":{"classesTaken":"French-MONDAY-AM0830-AM1030,Physics-TUESDAY-AM0830-AM1030,English-TUESDAY-AM1030-PM1200Programming-FRIDAY-PM0100-PM0300,Biology-FRIDAY-AM0800-AM1000","name":"ABEL, AZUL","id":22},"student14":{"classesTaken":"Biology-WEDNESDAY-AM0830-AM1030,Sociology-WEDNESDAY-PM0100-PM0300Programming-FRIDAY-PM0100-PM0300,History-FRIDAY-AM0800-AM1030,Music-FRIDAY-AM0800-AM1030","name":"BILAL, ALI","id":80},"student58":{"classesTaken":"French-MONDAY-AM0830-AM1030,Physics-TUESDAY-AM0830-AM1030,Programming-WEDNESDAY-PM0300-PM0500,English-TUESDAY-AM1030-PM1200Biology-FRIDAY-AM0800-AM1000","name":"JAIME, ALVARADO","id":14},"student15":{"classesTaken":"","name":"MAJED, ASSAF","id":33},"student59":{"classesTaken":"Programming-WEDNESDAY-PM0300-PM0500,Biology-WEDNESDAY-AM0830-AM1030,History-THURSDAY-AM0830-AM1100,Music-THURSDAY-AM0830-AM1100Sociology-FRIDAY-PM0100-PM0300","name":"RONALD, BADAMI","id":60},"student12":{"classesTaken":"","name":"LOUIS, AGUILAR","id":27},"student56":{"classesTaken":"French-MONDAY-AM0830-AM1030,Physics-TUESDAY-AM0830-AM1030,English-TUESDAY-AM1030-PM1200,Biology-WEDNESDAY-AM0830-AM1030Programming-FRIDAY-PM0100-PM0300","name":"MARK, ANDERSEN","id":10},"student13":{"classesTaken":"French-MONDAY-AM0830-AM1030,Physics-TUESDAY-AM0830-AM1030,Programming-WEDNESDAY-PM0300-PM0500,English-TUESDAY-AM1030-PM1200,Biology-WEDNESDAY-AM0830-AM1030","name":"RAY, AGUILAR","id":21},"student57":{"classesTaken":"Physics-TUESDAY-AM0830-AM1030,Programming-WEDNESDAY-PM0300-PM0500,English-TUESDAY-AM1030-PM1200,Biology-WEDNESDAY-AM0830-AM1030French-TUESDAY-AM0800-AM1000","name":"EDWARD, ANNUNZIO","id":19},"student10":{"classesTaken":"","name":"BAHLEBBY, AMDEMICHAEL","id":67},"student54":{"classesTaken":"French-MONDAY-AM0830-AM1030,Physics-TUESDAY-AM0830-AM1030,Programming-WEDNESDAY-PM0300-PM0500,English-TUESDAY-AM1030-PM1200Biology-FRIDAY-AM0800-AM1000","name":"NANCY, ARROYO-FREGOSO","id":66},"student11":{"classesTaken":"","name":"DAVID, ADAMS","id":36},"student55":{"classesTaken":"","name":"RONALDO, ANGELES","id":46},"student52":{"classesTaken":"Physics-TUESDAY-AM0830-AM1030,English-TUESDAY-AM1030-PM1200,Biology-WEDNESDAY-AM0830-AM1030French-TUESDAY-AM0800-AM1000,Programming-FRIDAY-PM0100-PM0300","name":"DAVID, ALPERS","id":65},"student53":{"classesTaken":"French-MONDAY-AM0830-AM1030,Physics-TUESDAY-AM0830-AM1030,Programming-WEDNESDAY-PM0300-PM0500,English-TUESDAY-AM1030-PM1200Biology-FRIDAY-AM0800-AM1000","name":"CARRIE, AUSTIN","id":49}}}
